insert into LesCages values (11 ,  'fauve'           , 10 );
insert into LesCages values (1     , 'fosse'         , 1 );
insert into LesCages values (2     , 'aquarium'      , 1 );
insert into LesCages values (3     , 'petits oiseaux'        , 2 );
insert into LesCages values (4     , 'grand aquarium'        , 1 );
insert into LesCages values (12     , 'fauve'           , 10);
insert into LesCages values (13     , 'fauve'           , 2);



insert into LesEmployes values ('Verdier'  ,       'Noumea' );
insert into LesEmployes values ('Dupont'  ,       'Sartene' );
insert into LesEmployes values ('Labbe' ,    'Calvi' );
insert into LesEmployes values ('Lachaize' ,       'Pointe a Pitre' );
insert into LesEmployes values ('Desmoulins'  , 'Ushuaia' );
insert into LesEmployes values ('Jouanot'   , 'Papeete' );

insert into LesResponsables values (10      ,       'Verdier' );
insert into LesResponsables values (1       ,       'Jouanot' );
insert into LesResponsables values (2       ,       'Desmoulins');


insert into LesGardiens values (4      ,       'Lachaize' );
insert into LesGardiens values (12      ,       'Dupont' );
insert into LesGardiens values (12      ,       'Labbe' );
insert into LesGardiens values (11      ,       'Dupont' );
insert into LesGardiens values (11      ,       'Labbe' );
insert into LesGardiens values (1       ,       'Lachaize' );
insert into LesGardiens values (3       ,       'Lachaize' );
insert into LesGardiens values (12      ,       'Lachaize' );
insert into LesGardiens values (13      ,       'Dupont' );

insert into LesAnimaux values ('Charly', 'male',   'lion', 'fauve',  'Kenya',  2012,   12);
insert into LesAnimaux values ('Arthur', 'male',   'ours', 'fosse',  'France', 2002,   1 );
insert into LesAnimaux values ('Chloe',  'femelle', 'pie', 'petits oiseaux' ,  'France', 2013,   3);
insert into LesAnimaux values ('Milou',  'male' ,  'leopard', 'fauve', 'France', 2015,  11);
insert into LesAnimaux values ('Tintin', 'male' , 'leopard', 'fauve', 'France', 2015,    11);
insert into LesAnimaux values ('Charlotte', 'femelle', 'lion',  'fauve',  'Kenya',  2016,      12);
insert into LesAnimaux values ('Magalie', 'femelle' , 'leopard', 'fauve', 'Italie', 2014,    13);

insert into LesMaladies values ('Charly'        , 'rage de dents' );
insert into LesMaladies values ('Charly'        , 'grippe' );
insert into LesMaladies values ('Milou'         , 'angine' );
insert into LesMaladies values ('Chloe'         , 'grippe' );
